id,title,actress,genre,image_url,detail_url,price,sale_price,discount_rate,score,review_count,tags,recommendation,source,updated_at
sone00570/?i3_ref=list&i3_ord=53&i3_pst=1,閉じるアイコン,,,https://p.dmm.co.jp/p/ds_videoa/welcome-coupon/ico_close.svg,https://www.dmm.co.jp/digital/videoa/-/detail/=/cid=sone00570/?i3_ref=list&i3_ord=53&i3_pst=1,33801690.0,,,,,,,DMM,2025-04-19T00:28:49.381140
sone00617/?i3_ref=list&i3_ord=52&i3_pst=1,閉じるアイコン,,,https://p.dmm.co.jp/p/ds_videoa/welcome-coupon/ico_close.svg,https://www.dmm.co.jp/digital/videoa/-/detail/=/cid=sone00617/?i3_ref=list&i3_ord=52&i3_pst=1,33801690.0,,,,,,,DMM,2025-04-19T00:28:35.164891
jur00040/?i3_ref=list&i3_ord=51&i3_pst=1,閉じるアイコン,,,https://p.dmm.co.jp/p/ds_videoa/welcome-coupon/ico_close.svg,https://www.dmm.co.jp/digital/videoa/-/detail/=/cid=jur00040/?i3_ref=list&i3_ord=51&i3_pst=1,2680.0,,,,,,,DMM,2025-04-19T00:28:20.312256
ipzz00507/?i3_ref=list&i3_ord=50&i3_pst=1,閉じるアイコン,,,https://p.dmm.co.jp/p/ds_videoa/welcome-coupon/ico_close.svg,https://www.dmm.co.jp/digital/videoa/-/detail/=/cid=ipzz00507/?i3_ref=list&i3_ord=50&i3_pst=1,26801340.0,,,,,,,DMM,2025-04-19T00:28:06.545924
cosx00092/?i3_ref=list&i3_ord=49&i3_pst=1,閉じるアイコン,,,https://p.dmm.co.jp/p/ds_videoa/welcome-coupon/ico_close.svg,https://www.dmm.co.jp/digital/videoa/-/detail/=/cid=cosx00092/?i3_ref=list&i3_ord=49&i3_pst=1,17801246.0,,,,,,,DMM,2025-04-19T00:27:53.114164
ipzz00491/?i3_ref=list&i3_ord=48&i3_pst=1,閉じるアイコン,,,https://p.dmm.co.jp/p/ds_videoa/welcome-coupon/ico_close.svg,https://www.dmm.co.jp/digital/videoa/-/detail/=/cid=ipzz00491/?i3_ref=list&i3_ord=48&i3_pst=1,33801690.0,,,,,,,DMM,2025-04-19T00:27:38.870384
kiwvr00754/?i3_ref=list&i3_ord=47&i3_pst=1,閉じるアイコン,,,https://p.dmm.co.jp/p/ds_videoa/welcome-coupon/ico_close.svg,https://www.dmm.co.jp/digital/videoa/-/detail/=/cid=kiwvr00754/?i3_ref=list&i3_ord=47&i3_pst=1,1680840.0,,,,,,,DMM,2025-04-19T00:27:26.185463
dvmm00204/?i3_ref=list&i3_ord=46&i3_pst=1,閉じるアイコン,,,https://p.dmm.co.jp/p/ds_videoa/welcome-coupon/ico_close.svg,https://www.dmm.co.jp/digital/videoa/-/detail/=/cid=dvmm00204/?i3_ref=list&i3_ord=46&i3_pst=1,27001350.0,,,,,,,DMM,2025-04-19T00:27:12.259040
ure00120/?i3_ref=list&i3_ord=45&i3_pst=1,閉じるアイコン,,,https://p.dmm.co.jp/p/ds_videoa/welcome-coupon/ico_close.svg,https://www.dmm.co.jp/digital/videoa/-/detail/=/cid=ure00120/?i3_ref=list&i3_ord=45&i3_pst=1,38801940.0,,,,,,,DMM,2025-04-19T00:26:57.525925
h_1292ahk00001/?i3_ref=list&i3_ord=44&i3_pst=1,閉じるアイコン,,,https://p.dmm.co.jp/p/ds_videoa/welcome-coupon/ico_close.svg,https://www.dmm.co.jp/digital/videoa/-/detail/=/cid=h_1292ahk00001/?i3_ref=list&i3_ord=44&i3_pst=1,24771238.0,,,,,,,DMM,2025-04-19T00:26:45.006229
dvmm00092/?i3_ref=list&i3_ord=43&i3_pst=1,閉じるアイコン,,,https://p.dmm.co.jp/p/ds_videoa/welcome-coupon/ico_close.svg,https://www.dmm.co.jp/digital/videoa/-/detail/=/cid=dvmm00092/?i3_ref=list&i3_ord=43&i3_pst=1,1780880.0,,,,,,,DMM,2025-04-19T00:26:30.800518
sone00569/?i3_ref=list&i3_ord=42&i3_pst=1,閉じるアイコン,,,https://p.dmm.co.jp/p/ds_videoa/welcome-coupon/ico_close.svg,https://www.dmm.co.jp/digital/videoa/-/detail/=/cid=sone00569/?i3_ref=list&i3_ord=42&i3_pst=1,33801690.0,,,,,,,DMM,2025-04-19T00:26:16.517154
sone00660/?i3_ref=list&i3_ord=41&i3_pst=1,閉じるアイコン,,,https://p.dmm.co.jp/p/ds_videoa/welcome-coupon/ico_close.svg,https://www.dmm.co.jp/digital/videoa/-/detail/=/cid=sone00660/?i3_ref=list&i3_ord=41&i3_pst=1,33801690.0,,,,,,,DMM,2025-04-19T00:26:03.098179
royd00216/?i3_ref=list&i3_ord=40&i3_pst=1,閉じるアイコン,,,https://p.dmm.co.jp/p/ds_videoa/welcome-coupon/ico_close.svg,https://www.dmm.co.jp/digital/videoa/-/detail/=/cid=royd00216/?i3_ref=list&i3_ord=40&i3_pst=1,1680840.0,,,,,,,DMM,2025-04-19T00:25:50.208003
hsoda00021/?i3_ref=list&i3_ord=39&i3_pst=1,閉じるアイコン,,,https://p.dmm.co.jp/p/ds_videoa/welcome-coupon/ico_close.svg,https://www.dmm.co.jp/digital/videoa/-/detail/=/cid=hsoda00021/?i3_ref=list&i3_ord=39&i3_pst=1,1680840.0,,,,,,,DMM,2025-04-19T00:25:37.425660
ipzz00450/?i3_ref=list&i3_ord=38&i3_pst=1,閉じるアイコン,,,https://p.dmm.co.jp/p/ds_videoa/welcome-coupon/ico_close.svg,https://www.dmm.co.jp/digital/videoa/-/detail/=/cid=ipzz00450/?i3_ref=list&i3_ord=38&i3_pst=1,1680840.0,,,,,,,DMM,2025-04-19T00:25:22.923599
sivr00385/?i3_ref=list&i3_ord=37&i3_pst=1,閉じるアイコン,,,https://p.dmm.co.jp/p/ds_videoa/welcome-coupon/ico_close.svg,https://www.dmm.co.jp/digital/videoa/-/detail/=/cid=sivr00385/?i3_ref=list&i3_ord=37&i3_pst=1,1780890.0,,,,,,,DMM,2025-04-19T00:25:09.877399
sone00592/?i3_ref=list&i3_ord=36&i3_pst=1,閉じるアイコン,,,https://p.dmm.co.jp/p/ds_videoa/welcome-coupon/ico_close.svg,https://www.dmm.co.jp/digital/videoa/-/detail/=/cid=sone00592/?i3_ref=list&i3_ord=36&i3_pst=1,33801690.0,,,,,,,DMM,2025-04-19T00:24:57.416200
hmn00690/?i3_ref=list&i3_ord=35&i3_pst=1,閉じるアイコン,,,https://p.dmm.co.jp/p/ds_videoa/welcome-coupon/ico_close.svg,https://www.dmm.co.jp/digital/videoa/-/detail/=/cid=hmn00690/?i3_ref=list&i3_ord=35&i3_pst=1,26801340.0,,,,,,,DMM,2025-04-19T00:24:43.301647
savr00595/?i3_ref=list&i3_ord=34&i3_pst=1,閉じるアイコン,,,https://p.dmm.co.jp/p/ds_videoa/welcome-coupon/ico_close.svg,https://www.dmm.co.jp/digital/videoa/-/detail/=/cid=savr00595/?i3_ref=list&i3_ord=34&i3_pst=1,1780890.0,,,,,,,DMM,2025-04-19T00:24:31.070257
sone00520/?i3_ref=list&i3_ord=33&i3_pst=1,閉じるアイコン,,,https://p.dmm.co.jp/p/ds_videoa/welcome-coupon/ico_close.svg,https://www.dmm.co.jp/digital/videoa/-/detail/=/cid=sone00520/?i3_ref=list&i3_ord=33&i3_pst=1,23801190.0,,,,,,,DMM,2025-04-19T00:24:19.212190
sone00638/?i3_ref=list&i3_ord=32&i3_pst=1,閉じるアイコン,,,https://p.dmm.co.jp/p/ds_videoa/welcome-coupon/ico_close.svg,https://www.dmm.co.jp/digital/videoa/-/detail/=/cid=sone00638/?i3_ref=list&i3_ord=32&i3_pst=1,3380.0,,,,,,,DMM,2025-04-19T00:24:07.387146
mida00073/?i3_ref=list&i3_ord=31&i3_pst=1,閉じるアイコン,,,https://p.dmm.co.jp/p/ds_videoa/welcome-coupon/ico_close.svg,https://www.dmm.co.jp/digital/videoa/-/detail/=/cid=mida00073/?i3_ref=list&i3_ord=31&i3_pst=1,26801340.0,,,,,,,DMM,2025-04-19T00:23:54.922431
oae00275/?i3_ref=list&i3_ord=30&i3_pst=1,閉じるアイコン,,,https://p.dmm.co.jp/p/ds_videoa/welcome-coupon/ico_close.svg,https://www.dmm.co.jp/digital/videoa/-/detail/=/cid=oae00275/?i3_ref=list&i3_ord=30&i3_pst=1,3026.0,,,,,,,DMM,2025-04-19T00:23:42.768927
real00885/?i3_ref=list&i3_ord=29&i3_pst=1,閉じるアイコン,,,https://p.dmm.co.jp/p/ds_videoa/welcome-coupon/ico_close.svg,https://www.dmm.co.jp/digital/videoa/-/detail/=/cid=real00885/?i3_ref=list&i3_ord=29&i3_pst=1,29501475.0,,,,,,,DMM,2025-04-19T00:23:30.635761
cawd00780/?i3_ref=list&i3_ord=28&i3_pst=1,閉じるアイコン,,,https://p.dmm.co.jp/p/ds_videoa/welcome-coupon/ico_close.svg,https://www.dmm.co.jp/digital/videoa/-/detail/=/cid=cawd00780/?i3_ref=list&i3_ord=28&i3_pst=1,33801690.0,,,,,,,DMM,2025-04-19T00:23:19.152183
roe00299/?i3_ref=list&i3_ord=27&i3_pst=1,閉じるアイコン,,,https://p.dmm.co.jp/p/ds_videoa/welcome-coupon/ico_close.svg,https://www.dmm.co.jp/digital/videoa/-/detail/=/cid=roe00299/?i3_ref=list&i3_ord=27&i3_pst=1,23801190.0,,,,,,,DMM,2025-04-19T00:23:06.439898
dvmm00186/?i3_ref=list&i3_ord=26&i3_pst=1,閉じるアイコン,,,https://p.dmm.co.jp/p/ds_videoa/welcome-coupon/ico_close.svg,https://www.dmm.co.jp/digital/videoa/-/detail/=/cid=dvmm00186/?i3_ref=list&i3_ord=26&i3_pst=1,17801246.0,,,,,,,DMM,2025-04-19T00:22:53.931490
sone00740/?i3_ref=list&i3_ord=25&i3_pst=1,閉じるアイコン,,,https://p.dmm.co.jp/p/ds_videoa/welcome-coupon/ico_close.svg,https://www.dmm.co.jp/digital/videoa/-/detail/=/cid=sone00740/?i3_ref=list&i3_ord=25&i3_pst=1,3380.0,,,,,,,DMM,2025-04-19T00:22:42.240710
sone00707/?i3_ref=list&i3_ord=24&i3_pst=1,閉じるアイコン,,,https://p.dmm.co.jp/p/ds_videoa/welcome-coupon/ico_close.svg,https://www.dmm.co.jp/digital/videoa/-/detail/=/cid=sone00707/?i3_ref=list&i3_ord=24&i3_pst=1,3380.0,,,,,,,DMM,2025-04-19T00:22:27.914070
kavr00392/?i3_ref=list&i3_ord=23&i3_pst=1,閉じるアイコン,,,https://p.dmm.co.jp/p/ds_videoa/welcome-coupon/ico_close.svg,https://www.dmm.co.jp/digital/videoa/-/detail/=/cid=kavr00392/?i3_ref=list&i3_ord=23&i3_pst=1,1780890.0,,,,,,,DMM,2025-04-19T00:22:15.130555
1start00323/?i3_ref=list&i3_ord=22&i3_pst=1,閉じるアイコン,,,https://p.dmm.co.jp/p/ds_videoa/welcome-coupon/ico_close.svg,https://www.dmm.co.jp/digital/videoa/-/detail/=/cid=1start00323/?i3_ref=list&i3_ord=22&i3_pst=1,3980.0,,,,,,,DMM,2025-04-19T00:22:02.765101
ipbz00016/?i3_ref=list&i3_ord=21&i3_pst=1,閉じるアイコン,,,https://p.dmm.co.jp/p/ds_videoa/welcome-coupon/ico_close.svg,https://www.dmm.co.jp/digital/videoa/-/detail/=/cid=ipbz00016/?i3_ref=list&i3_ord=21&i3_pst=1,1480740.0,,,,,,,DMM,2025-04-19T00:21:50.799081
1nhdtc00029/?i3_ref=list&i3_ord=20&i3_pst=1,閉じるアイコン,,,https://p.dmm.co.jp/p/ds_videoa/welcome-coupon/ico_close.svg,https://www.dmm.co.jp/digital/videoa/-/detail/=/cid=1nhdtc00029/?i3_ref=list&i3_ord=20&i3_pst=1,29801490.0,,,,,,,DMM,2025-04-19T00:21:38.850839
mdvr00346/?i3_ref=list&i3_ord=19&i3_pst=1,閉じるアイコン,,,https://p.dmm.co.jp/p/ds_videoa/welcome-coupon/ico_close.svg,https://www.dmm.co.jp/digital/videoa/-/detail/=/cid=mdvr00346/?i3_ref=list&i3_ord=19&i3_pst=1,1780890.0,,,,,,,DMM,2025-04-19T00:21:25.652712
sone00687/?i3_ref=list&i3_ord=18&i3_pst=1,閉じるアイコン,,,https://p.dmm.co.jp/p/ds_videoa/welcome-coupon/ico_close.svg,https://www.dmm.co.jp/digital/videoa/-/detail/=/cid=sone00687/?i3_ref=list&i3_ord=18&i3_pst=1,3380.0,,,,,,,DMM,2025-04-19T00:21:12.342082
ipzz00564/?i3_ref=list&i3_ord=17&i3_pst=1,閉じるアイコン,,,https://p.dmm.co.jp/p/ds_videoa/welcome-coupon/ico_close.svg,https://www.dmm.co.jp/digital/videoa/-/detail/=/cid=ipzz00564/?i3_ref=list&i3_ord=17&i3_pst=1,26801340.0,,,,,,,DMM,2025-04-19T00:21:00.771571
huntc00262/?i3_ref=list&i3_ord=16&i3_pst=1,閉じるアイコン,,,https://p.dmm.co.jp/p/ds_videoa/welcome-coupon/ico_close.svg,https://www.dmm.co.jp/digital/videoa/-/detail/=/cid=huntc00262/?i3_ref=list&i3_ord=16&i3_pst=1,1680840.0,,,,,,,DMM,2025-04-19T00:20:49.235882
meyd00987/?i3_ref=list&i3_ord=15&i3_pst=1,閉じるアイコン,,,https://p.dmm.co.jp/p/ds_videoa/welcome-coupon/ico_close.svg,https://www.dmm.co.jp/digital/videoa/-/detail/=/cid=meyd00987/?i3_ref=list&i3_ord=15&i3_pst=1,26801340.0,,,,,,,DMM,2025-04-19T00:20:37.449921
meta00003/?i3_ref=list&i3_ord=14&i3_pst=1,閉じるアイコン,,,https://p.dmm.co.jp/p/ds_videoa/welcome-coupon/ico_close.svg,https://www.dmm.co.jp/digital/videoa/-/detail/=/cid=meta00003/?i3_ref=list&i3_ord=14&i3_pst=1,1980990.0,,,,,,,DMM,2025-04-19T00:20:25.573118
1start00158/?i3_ref=list&i3_ord=13&i3_pst=1,閉じるアイコン,,,https://p.dmm.co.jp/p/ds_videoa/welcome-coupon/ico_close.svg,https://www.dmm.co.jp/digital/videoa/-/detail/=/cid=1start00158/?i3_ref=list&i3_ord=13&i3_pst=1,26801340.0,,,,,,,DMM,2025-04-19T00:20:12.409527
h_1711astr00011/?i3_ref=list&i3_ord=12&i3_pst=1,閉じるアイコン,,,https://p.dmm.co.jp/p/ds_videoa/welcome-coupon/ico_close.svg,https://www.dmm.co.jp/digital/videoa/-/detail/=/cid=h_1711astr00011/?i3_ref=list&i3_ord=12&i3_pst=1,16801170.0,,,,,,,DMM,2025-04-19T00:19:59.628129
sone00504/?i3_ref=list&i3_ord=11&i3_pst=1,閉じるアイコン,,,https://p.dmm.co.jp/p/ds_videoa/welcome-coupon/ico_close.svg,https://www.dmm.co.jp/digital/videoa/-/detail/=/cid=sone00504/?i3_ref=list&i3_ord=11&i3_pst=1,23801190.0,,,,,,,DMM,2025-04-19T00:19:47.825108
sone00585/?i3_ref=list&i3_ord=10&i3_pst=1,閉じるアイコン,,,https://p.dmm.co.jp/p/ds_videoa/welcome-coupon/ico_close.svg,https://www.dmm.co.jp/digital/videoa/-/detail/=/cid=sone00585/?i3_ref=list&i3_ord=10&i3_pst=1,33801690.0,,,,,,,DMM,2025-04-19T00:19:36.232287
mida00101/?i3_ref=list&i3_ord=9&i3_pst=1,閉じるアイコン,,,https://p.dmm.co.jp/p/ds_videoa/welcome-coupon/ico_close.svg,https://www.dmm.co.jp/digital/videoa/-/detail/=/cid=mida00101/?i3_ref=list&i3_ord=9&i3_pst=1,26801340.0,,,,,,,DMM,2025-04-19T00:19:24.246151
mida00056/?i3_ref=list&i3_ord=8&i3_pst=1,閉じるアイコン,,,https://p.dmm.co.jp/p/ds_videoa/welcome-coupon/ico_close.svg,https://www.dmm.co.jp/digital/videoa/-/detail/=/cid=mida00056/?i3_ref=list&i3_ord=8&i3_pst=1,26801340.0,,,,,,,DMM,2025-04-19T00:19:11.778184
h_1495banks00001/?i3_ref=list&i3_ord=7&i3_pst=1,閉じるアイコン,,,https://p.dmm.co.jp/p/ds_videoa/welcome-coupon/ico_close.svg,https://www.dmm.co.jp/digital/videoa/-/detail/=/cid=h_1495banks00001/?i3_ref=list&i3_ord=7&i3_pst=1,1480.0,,,,,,,DMM,2025-04-19T00:18:59.418960
hublk00051/?i3_ref=list&i3_ord=6&i3_pst=1,閉じるアイコン,,,https://p.dmm.co.jp/p/ds_videoa/welcome-coupon/ico_close.svg,https://www.dmm.co.jp/digital/videoa/-/detail/=/cid=hublk00051/?i3_ref=list&i3_ord=6&i3_pst=1,1680840.0,,,,,,,DMM,2025-04-19T00:18:47.757391
midv00974/?i3_ref=list&i3_ord=5&i3_pst=1,閉じるアイコン,,,https://p.dmm.co.jp/p/ds_videoa/welcome-coupon/ico_close.svg,https://www.dmm.co.jp/digital/videoa/-/detail/=/cid=midv00974/?i3_ref=list&i3_ord=5&i3_pst=1,23801190.0,,,,,,,DMM,2025-04-19T00:18:35.343399
sivr00394/?i3_ref=list&i3_ord=4&i3_pst=1,閉じるアイコン,,,https://p.dmm.co.jp/p/ds_videoa/welcome-coupon/ico_close.svg,https://www.dmm.co.jp/digital/videoa/-/detail/=/cid=sivr00394/?i3_ref=list&i3_ord=4&i3_pst=1,1780890.0,,,,,,,DMM,2025-04-19T00:18:22.902141
mird00253/?i3_ref=list&i3_ord=3&i3_pst=1,閉じるアイコン,,,https://p.dmm.co.jp/p/ds_videoa/welcome-coupon/ico_close.svg,https://www.dmm.co.jp/digital/videoa/-/detail/=/cid=mird00253/?i3_ref=list&i3_ord=3&i3_pst=1,31801590.0,,,,,,,DMM,2025-04-19T00:18:11.102652
ipzz00456/?i3_ref=list&i3_ord=2&i3_pst=1,閉じるアイコン,,,https://p.dmm.co.jp/p/ds_videoa/welcome-coupon/ico_close.svg,https://www.dmm.co.jp/digital/videoa/-/detail/=/cid=ipzz00456/?i3_ref=list&i3_ord=2&i3_pst=1,1680840.0,,,,,,,DMM,2025-04-19T00:17:59.823650
sone00614/?i3_ref=list&i3_ord=1&i3_pst=1,閉じるアイコン,,,https://p.dmm.co.jp/p/ds_videoa/welcome-coupon/ico_close.svg,https://www.dmm.co.jp/digital/videoa/-/detail/=/cid=sone00614/?i3_ref=list&i3_ord=1&i3_pst=1,33801690.0,,,,,,,DMM,2025-04-19T00:17:48.825047
pred00532/?i3_ref=list&i3_ord=121&i3_pst=1,閉じるアイコン,,,https://p.dmm.co.jp/p/ds_videoa/welcome-coupon/ico_close.svg,https://www.dmm.co.jp/digital/videoa/-/detail/=/cid=pred00532/?i3_ref=list&i3_ord=121&i3_pst=1,1180590.0,,,,,,,DMM,2025-04-19T00:12:49.292533
mimk00132/?i3_ref=list&i3_ord=72&i3_pst=1,閉じるアイコン,,,https://p.dmm.co.jp/p/ds_videoa/welcome-coupon/ico_close.svg,https://www.dmm.co.jp/digital/videoa/-/detail/=/cid=mimk00132/?i3_ref=list&i3_ord=72&i3_pst=1,,,,,,,,DMM,2025-04-19 00:05:15.736260
sone00141/?i3_ref=list&i3_ord=71&i3_pst=1,閉じるアイコン,,,https://p.dmm.co.jp/p/ds_videoa/welcome-coupon/ico_close.svg,https://www.dmm.co.jp/digital/videoa/-/detail/=/cid=sone00141/?i3_ref=list&i3_ord=71&i3_pst=1,1880940.0,,,,,,,DMM,2025-04-19 00:05:05.423990
sone00596/?i3_ref=list&i3_ord=70&i3_pst=1,閉じるアイコン,,,https://p.dmm.co.jp/p/ds_videoa/welcome-coupon/ico_close.svg,https://www.dmm.co.jp/digital/videoa/-/detail/=/cid=sone00596/?i3_ref=list&i3_ord=70&i3_pst=1,33801690.0,,,,,,,DMM,2025-04-19 00:04:52.690056
sone00621/?i3_ref=list&i3_ord=69&i3_pst=1,閉じるアイコン,,,https://p.dmm.co.jp/p/ds_videoa/welcome-coupon/ico_close.svg,https://www.dmm.co.jp/digital/videoa/-/detail/=/cid=sone00621/?i3_ref=list&i3_ord=69&i3_pst=1,33801690.0,,,,,,,DMM,2025-04-19 00:04:39.876697
sqte00592/?i3_ref=list&i3_ord=68&i3_pst=1,閉じるアイコン,,,https://p.dmm.co.jp/p/ds_videoa/welcome-coupon/ico_close.svg,https://www.dmm.co.jp/digital/videoa/-/detail/=/cid=sqte00592/?i3_ref=list&i3_ord=68&i3_pst=1,33801690.0,,,,,,,DMM,2025-04-19 00:04:26.579462
vrkm01485/?i3_ref=list&i3_ord=67&i3_pst=1,閉じるアイコン,,,https://p.dmm.co.jp/p/ds_videoa/welcome-coupon/ico_close.svg,https://www.dmm.co.jp/digital/videoa/-/detail/=/cid=vrkm01485/?i3_ref=list&i3_ord=67&i3_pst=1,1780890.0,,,,,,,DMM,2025-04-19 00:04:13.825669
mdvr00339/?i3_ref=list&i3_ord=66&i3_pst=1,閉じるアイコン,,,https://p.dmm.co.jp/p/ds_videoa/welcome-coupon/ico_close.svg,https://www.dmm.co.jp/digital/videoa/-/detail/=/cid=mdvr00339/?i3_ref=list&i3_ord=66&i3_pst=1,1780890.0,,,,,,,DMM,2025-04-19 00:04:01.587981
sone00462/?i3_ref=list&i3_ord=65&i3_pst=1,閉じるアイコン,,,https://p.dmm.co.jp/p/ds_videoa/welcome-coupon/ico_close.svg,https://www.dmm.co.jp/digital/videoa/-/detail/=/cid=sone00462/?i3_ref=list&i3_ord=65&i3_pst=1,33801690.0,,,,,,,DMM,2025-04-19 00:03:48.953150
sone00399/?i3_ref=list&i3_ord=64&i3_pst=1,閉じるアイコン,,,https://p.dmm.co.jp/p/ds_videoa/welcome-coupon/ico_close.svg,https://www.dmm.co.jp/digital/videoa/-/detail/=/cid=sone00399/?i3_ref=list&i3_ord=64&i3_pst=1,26801340.0,,,,,,,DMM,2025-04-19 00:03:33.838451
sivr00408/?i3_ref=list&i3_ord=63&i3_pst=1,閉じるアイコン,,,https://p.dmm.co.jp/p/ds_videoa/welcome-coupon/ico_close.svg,https://www.dmm.co.jp/digital/videoa/-/detail/=/cid=sivr00408/?i3_ref=list&i3_ord=63&i3_pst=1,1780.0,,,,,,,DMM,2025-04-19 00:03:18.047042
juvr00228/?i3_ref=list&i3_ord=62&i3_pst=1,閉じるアイコン,,,https://p.dmm.co.jp/p/ds_videoa/welcome-coupon/ico_close.svg,https://www.dmm.co.jp/digital/videoa/-/detail/=/cid=juvr00228/?i3_ref=list&i3_ord=62&i3_pst=1,1780.0,,,,,,,DMM,2025-04-19 00:03:03.199827
ipzz00484/?i3_ref=list&i3_ord=61&i3_pst=1,閉じるアイコン,,,https://p.dmm.co.jp/p/ds_videoa/welcome-coupon/ico_close.svg,https://www.dmm.co.jp/digital/videoa/-/detail/=/cid=ipzz00484/?i3_ref=list&i3_ord=61&i3_pst=1,26801340.0,,,,,,,DMM,2025-04-19 00:02:48.616422
midv00985/?i3_ref=list&i3_ord=60&i3_pst=1,閉じるアイコン,,,https://p.dmm.co.jp/p/ds_videoa/welcome-coupon/ico_close.svg,https://www.dmm.co.jp/digital/videoa/-/detail/=/cid=midv00985/?i3_ref=list&i3_ord=60&i3_pst=1,23801190.0,,,,,,,DMM,2025-04-19 00:02:36.369962
h_1758ggdr00008/?i3_ref=list&i3_ord=59&i3_pst=1,閉じるアイコン,,,https://p.dmm.co.jp/p/ds_videoa/welcome-coupon/ico_close.svg,https://www.dmm.co.jp/digital/videoa/-/detail/=/cid=h_1758ggdr00008/?i3_ref=list&i3_ord=59&i3_pst=1,19801380.0,,,,,,,DMM,2025-04-19 00:02:24.565791
cawd00792/?i3_ref=list&i3_ord=58&i3_pst=1,閉じるアイコン,,,https://p.dmm.co.jp/p/ds_videoa/welcome-coupon/ico_close.svg,https://www.dmm.co.jp/digital/videoa/-/detail/=/cid=cawd00792/?i3_ref=list&i3_ord=58&i3_pst=1,23801190.0,,,,,,,DMM,2025-04-19 00:02:11.349551
ebwh00090/?i3_ref=list&i3_ord=57&i3_pst=1,閉じるアイコン,,,https://p.dmm.co.jp/p/ds_videoa/welcome-coupon/ico_close.svg,https://www.dmm.co.jp/digital/videoa/-/detail/=/cid=ebwh00090/?i3_ref=list&i3_ord=57&i3_pst=1,16801080.0,,,,,,,DMM,2025-04-19 00:01:58.869231
2wdi00078/?i3_ref=list&i3_ord=56&i3_pst=1,閉じるアイコン,,,https://p.dmm.co.jp/p/ds_videoa/welcome-coupon/ico_close.svg,https://www.dmm.co.jp/digital/videoa/-/detail/=/cid=2wdi00078/?i3_ref=list&i3_ord=56&i3_pst=1,26801340.0,,,,,,,DMM,2025-04-19 00:01:47.083442
sone00615/?i3_ref=list&i3_ord=55&i3_pst=1,閉じるアイコン,,,https://p.dmm.co.jp/p/ds_videoa/welcome-coupon/ico_close.svg,https://www.dmm.co.jp/digital/videoa/-/detail/=/cid=sone00615/?i3_ref=list&i3_ord=55&i3_pst=1,3380.0,,,,,,,DMM,2025-04-19 00:01:35.704652
waaa00481/?i3_ref=list&i3_ord=54&i3_pst=1,閉じるアイコン,,,https://p.dmm.co.jp/p/ds_videoa/welcome-coupon/ico_close.svg,https://www.dmm.co.jp/digital/videoa/-/detail/=/cid=waaa00481/?i3_ref=list&i3_ord=54&i3_pst=1,26801340.0,,,,,,,DMM,2025-04-19 00:01:24.426740
